file_name,slice,label,count
CT_AHP 9,slice_072,1,48511
CT_AHP 9,slice_109,1,42046
CT_AHP 9,slice_110,1,41986
CT_AHP 9,slice_111,1,40349
CT_AHP 9,slice_112,1,40543
CT_AHP 9,slice_113,1,41678
CT_AHP 9,slice_114,1,40887
CT_AHP 9,slice_115,1,39956
CT_AHP 9,slice_116,1,38943
CT_AHP 9,slice_117,1,38671
CT_AHP 9,slice_118,1,37598
CT_AHP 9,slice_119,1,36076
CT_AHP 9,slice_120,1,36004
CT_AHP 9,slice_121,1,35369
CT_AHP 9,slice_122,1,34359
CT_AHP 9,slice_123,1,32964
CT_AHP 9,slice_124,1,32341
CT_AHP 9,slice_125,1,30654
CT_AHP 9,slice_126,1,29067
CT_AHP 9,slice_127,1,28372
CT_AHP 9,slice_128,1,26723
CT_AHP 5,slice_049,1,48004
CT_AHP 5,slice_050,1,45872
CT_AHP 5,slice_051,1,42227
CT_AHP 5,slice_052,1,41912
CT_AHP 5,slice_053,1,43759
CT_AHP 5,slice_054,1,42897
CT_AHP 5,slice_055,1,42352
CT_AHP 5,slice_056,1,43333
CT_AHP 5,slice_057,1,41526
CT_AHP 5,slice_058,1,43144
CT_AHP 5,slice_059,1,43097
CT_AHP 5,slice_060,1,40507
CT_AHP 5,slice_061,1,40753
CT_AHP 5,slice_062,1,41183
CT_AHP 5,slice_063,1,43072
CT_UIP 12,slice_086,4,3
CT_UIP 12,slice_089,4,1956
CT_UIP 12,slice_090,4,1776
CT_UIP 12,slice_091,4,1972
CT_UIP 12,slice_094,4,1917
CT_UIP 12,slice_095,4,1100
CT_UIP 12,slice_096,4,1621
CT_UIP 12,slice_097,4,656
CT_UIP 12,slice_100,4,817
CT_UIP 12,slice_107,4,901
CT_UIP 12,slice_108,4,956
CT_UIP 12,slice_109,4,1005
CT_UIP 12,slice_112,4,1148
CT_UIP 12,slice_113,4,1896
CT_UIP 12,slice_114,4,1490
CT_UIP 12,slice_115,4,1172
CT_UIP 12,slice_116,4,819
CT_UIP 12,slice_117,4,727
CT_UIP 12,slice_118,4,664
CT_UIP 12,slice_119,4,962
CT_UIP 12,slice_120,4,1060
CT_UIP 12,slice_121,4,1039
CT_UIP 12,slice_122,4,1050
CT_UIP 12,slice_123,4,719
CT_OP 10,slice_031,3,17703
CT_OP 10,slice_032,3,18638
CT_OP 10,slice_033,3,14885
CT_OP 10,slice_034,3,15495
CT_OP 10,slice_035,3,15153
CT_OP 10,slice_036,3,12979
CT_OP 10,slice_037,3,12410
CT_OP 10,slice_038,3,11219
CT_OP 10,slice_039,3,7531
CT_OP 10,slice_042,3,4587
CT_OP 10,slice_043,3,4222
CT_OP 10,slice_044,3,3608
CT_OP 10,slice_046,3,4022
CT_OP 10,slice_058,3,657
CT_OP 10,slice_059,3,931
CT_OP 10,slice_061,3,1388
CT_OP 10,slice_075,1,1407
CT_OP 10,slice_076,1,1806
CT_NSIP 8,slice_040,2,8218
CT_NSIP 8,slice_041,2,9978
CT_NSIP 8,slice_042,2,11262
CT_NSIP 8,slice_043,2,8833
CT_NSIP 8,slice_044,2,10633
CT_NSIP 8,slice_045,2,10225
CT_NSIP 8,slice_046,2,9194
CT_NSIP 8,slice_047,2,5236
CT_NSIP 8,slice_048,2,4138
CT_NSIP 8,slice_049,2,4077
CT_NSIP 8,slice_050,2,3234
CT_NSIP 8,slice_051,2,2671
CT_NSIP 8,slice_052,2,2437
CT_NSIP 8,slice_053,2,1632
CT_NSIP 8,slice_054,2,1625
CT_NSIP 8,slice_055,2,2894
CT_NSIP 8,slice_056,2,2229
CT_NSIP 8,slice_057,2,2846
CT_NSIP 8,slice_058,2,2634
CT_NSIP 8,slice_059,2,755
CT_NSIP 8,slice_060,2,1907
CT_NSIP 8,slice_061,2,2451
CT_NSIP 8,slice_062,2,2243
CT_NSIP 8,slice_063,2,2212
CT_NSIP 8,slice_064,2,736
CT_NSIP 8,slice_066,2,1324
CT_NSIP 18,slice_018,2,8923
CT_NSIP 18,slice_019,2,9450
CT_NSIP 18,slice_020,2,9329
CT_NSIP 18,slice_021,2,7488
CT_NSIP 18,slice_022,2,9824
CT_NSIP 18,slice_023,2,10637
CT_NSIP 18,slice_024,2,10487
CT_NSIP 18,slice_025,2,9457
CT_NSIP 18,slice_026,2,13708
CT_NSIP 18,slice_027,2,12608
CT_NSIP 18,slice_031,2,10209
CT_NSIP 18,slice_032,2,11547
CT_NSIP 18,slice_033,2,8471
CT_NSIP 18,slice_034,2,7508
CT_NSIP 18,slice_035,2,3397
CT_NSIP 18,slice_036,2,3908
CT_NSIP 18,slice_037,2,2639
CT_NSIP 18,slice_038,2,3526
CT_NSIP 18,slice_039,2,2728
CT_NSIP 18,slice_040,2,2505
CT_NSIP 18,slice_041,2,2938
CT_NSIP 18,slice_042,2,2246
CT_NSIP 18,slice_043,2,2358
CT_NSIP 18,slice_044,2,2055
CT_NSIP 18,slice_045,2,2498
CT_NSIP 18,slice_046,2,2154
CT_NSIP 18,slice_047,2,2506
CT_NSIP 18,slice_048,2,2352
CT_NSIP 18,slice_049,2,2318
CT_NSIP 18,slice_050,2,1904
CT_NSIP 18,slice_051,2,2116
CT_NSIP 18,slice_052,2,2033
CT_NSIP 18,slice_053,2,2219
CT_NSIP 18,slice_054,2,1433
CT_NSIP 18,slice_055,2,1742
CT_OP 45,slice_075,3,6575
CT_OP 45,slice_076,3,5531
CT_OP 45,slice_081,3,2586
CT_OP 45,slice_082,3,2738
CT_OP 45,slice_083,3,2462
CT_OP 45,slice_084,3,3030
CT_OP 45,slice_085,3,2033
CT_OP 45,slice_086,3,2824
CT_OP 45,slice_087,1,2
CT_OP 45,slice_089,3,362
CT_OP 45,slice_090,3,337
CT_OP 45,slice_091,3,589
CT_OP 45,slice_092,3,549
CT_OP 45,slice_093,3,518
CT_OP 45,slice_094,3,229
CT_OP 45,slice_095,3,226
CT_OP 45,slice_097,3,252
CT_OP 45,slice_098,3,209
CT_OP 38,slice_023,3,4908
CT_OP 38,slice_024,3,6738
CT_OP 38,slice_025,3,7202
CT_OP 38,slice_026,3,6865
CT_OP 38,slice_031,3,8923
CT_OP 38,slice_032,3,15990
CT_OP 38,slice_033,3,15036
CT_OP 38,slice_034,3,15957
CT_OP 38,slice_036,3,15632
CT_OP 38,slice_037,3,16368
CT_OP 38,slice_038,3,15689
CT_OP 38,slice_039,3,14272
CT_OP 38,slice_050,3,16374
CT_OP 38,slice_051,3,18860
CT_OP 38,slice_061,3,21728
CT_OP 38,slice_068,1,6219
CT_OP 38,slice_068,3,5248
CT_OP 38,slice_069,3,4091
CT_OP 38,slice_072,3,767
CT_OP 38,slice_073,3,951
CT_OP 26,slice_016,1,1490
CT_OP 26,slice_016,3,3159
CT_OP 26,slice_017,1,2237
CT_OP 26,slice_017,3,3320
CT_OP 26,slice_018,1,2938
CT_OP 26,slice_018,3,3915
CT_OP 26,slice_019,1,3364
CT_OP 26,slice_019,3,4680
CT_OP 26,slice_020,1,3507
CT_OP 26,slice_020,3,6345
CT_OP 26,slice_021,3,6493
CT_OP 26,slice_022,3,8048
CT_OP 26,slice_023,3,9707
CT_OP 26,slice_024,3,10794
CT_OP 26,slice_025,3,11041
CT_OP 26,slice_026,3,10913
CT_OP 26,slice_027,3,10035
CT_OP 26,slice_031,1,4206
CT_OP 26,slice_031,3,12273
CT_OP 26,slice_032,1,4266
CT_OP 26,slice_032,3,12752
CT_OP 26,slice_034,1,9055
CT_OP 26,slice_034,3,9747
CT_OP 26,slice_035,1,6521
CT_OP 26,slice_035,3,7785
CT_OP 26,slice_036,1,5087
CT_OP 26,slice_036,3,4668
CT_OP 49,slice_073,3,628
CT_OP 49,slice_074,3,1218
CT_OP 49,slice_075,3,1355
CT_OP 49,slice_076,3,1243
CT_OP 49,slice_077,3,854
CT_OP 49,slice_078,3,1232
CT_OP 49,slice_079,3,1009
CT_OP 49,slice_080,3,1068
CT_OP 49,slice_081,3,1080
CT_OP 49,slice_082,3,1496
CT_OP 49,slice_083,3,1623
CT_OP 49,slice_084,3,1437
CT_OP 49,slice_085,3,625
CT_OP 49,slice_086,3,353
CT_OP 49,slice_087,3,217
CT_NSIP 4,slice_046,2,9972
CT_NSIP 4,slice_047,2,10999
CT_NSIP 4,slice_048,2,13933
CT_NSIP 4,slice_049,2,15822
CT_NSIP 4,slice_050,2,17139
CT_NSIP 4,slice_051,2,18130
CT_NSIP 4,slice_052,2,14717
CT_NSIP 4,slice_053,2,16246
CT_NSIP 4,slice_054,2,15679
CT_NSIP 4,slice_055,2,14762
CT_NSIP 4,slice_056,2,15096
CT_NSIP 4,slice_057,2,14278
CT_NSIP 4,slice_058,2,13611
CT_NSIP 4,slice_059,2,9703
CT_NSIP 4,slice_060,2,10193
CT_NSIP 4,slice_061,2,8864
CT_OP 34,slice_043,3,13352
CT_OP 34,slice_044,3,13062
CT_OP 34,slice_045,3,11323
CT_OP 34,slice_046,3,9143
CT_OP 34,slice_049,3,6687
CT_OP 34,slice_053,3,6223
CT_OP 34,slice_054,3,6238
CT_OP 34,slice_055,3,6368
CT_OP 34,slice_056,3,6549
CT_OP 34,slice_057,3,6540
CT_OP 34,slice_058,3,6340
CT_OP 34,slice_059,3,6958
CT_OP 34,slice_064,3,4269
CT_OP 34,slice_075,3,6542
CT_OP 34,slice_077,3,7113
CT_OP 34,slice_078,3,7146
CT_OP 34,slice_083,3,5893
CT_OP 34,slice_084,3,5722
CT_OP 1,slice_060,3,4720
CT_OP 1,slice_061,3,4524
CT_OP 1,slice_062,3,4521
CT_OP 1,slice_063,3,4510
CT_OP 1,slice_064,3,4383
CT_OP 1,slice_065,3,4302
CT_OP 1,slice_066,3,4476
CT_OP 1,slice_067,3,5195
CT_OP 1,slice_068,3,4745
CT_OP 1,slice_069,3,4670
CT_OP 1,slice_070,1,1869
CT_OP 1,slice_070,3,3576
CT_OP 1,slice_071,1,1930
CT_OP 1,slice_071,3,3584
CT_OP 1,slice_103,1,256
CT_OP 1,slice_103,3,653
CT_OP 1,slice_104,1,310
CT_OP 1,slice_104,3,601
CT_OP 1,slice_105,1,249
CT_OP 1,slice_105,3,390
CT_OP 1,slice_107,3,504
CT_OP 1,slice_108,1,152
CT_OP 1,slice_108,3,264
CT_OP 1,slice_138,1,2994
CT_OP 1,slice_138,3,1375
CT_OP 1,slice_139,1,3028
CT_OP 1,slice_139,3,1293
CT_OP 1,slice_140,1,3068
CT_OP 1,slice_140,3,995
CT_OP 1,slice_141,1,3097
CT_OP 1,slice_141,3,1027
CT_OP 1,slice_142,1,3621
CT_OP 1,slice_142,3,945
CT_UIP 7,slice_042,4,4288
CT_UIP 7,slice_043,4,4757
CT_UIP 7,slice_044,4,5847
CT_UIP 7,slice_045,4,6700
CT_UIP 7,slice_046,4,7200
CT_UIP 7,slice_047,4,8033
CT_UIP 7,slice_048,4,8863
CT_UIP 7,slice_049,4,10082
CT_UIP 7,slice_050,4,10559
CT_UIP 7,slice_051,4,11336
CT_UIP 7,slice_052,4,12683
CT_UIP 7,slice_054,4,14428
CT_UIP 7,slice_055,4,16607
CT_UIP 7,slice_056,4,19086
CT_UIP 7,slice_057,4,20422
CT_UIP 7,slice_058,4,21215
CT_UIP 7,slice_059,4,23605
CT_UIP 7,slice_060,4,24754
CT_UIP 7,slice_065,4,26845
CT_UIP 7,slice_066,4,26560
CT_UIP 7,slice_090,4,8405
CT_UIP 9,slice_047,4,6209
CT_UIP 9,slice_052,4,15567
CT_UIP 9,slice_053,4,19546
CT_UIP 9,slice_054,4,20778
CT_UIP 9,slice_056,4,13918
CT_UIP 9,slice_057,4,13268
CT_UIP 9,slice_058,4,13949
CT_UIP 9,slice_059,4,13621
CT_UIP 9,slice_060,4,12861
CT_UIP 9,slice_061,4,13288
CT_UIP 9,slice_062,4,8701
CT_UIP 9,slice_063,4,7293
CT_UIP 9,slice_064,4,6807
CT_UIP 9,slice_066,4,7884
CT_UIP 9,slice_067,4,7956
CT_UIP 9,slice_071,4,9581
CT_UIP 9,slice_075,4,8571
CT_UIP 9,slice_076,4,10240
CT_UIP 9,slice_077,4,8065
CT_UIP 9,slice_082,4,5804
CT_UIP 9,slice_084,4,5713
CT_UIP 9,slice_085,4,5433
CT_UIP 9,slice_086,4,5582
CT_UIP 9,slice_087,4,9094
CT_UIP 9,slice_088,4,7736
CT_UIP 9,slice_104,4,5034
CT_UIP 5,slice_042,4,5457
CT_UIP 5,slice_043,4,5235
CT_UIP 5,slice_044,4,5016
CT_UIP 5,slice_045,4,5736
CT_UIP 5,slice_046,4,5770
CT_UIP 5,slice_047,4,3933
CT_UIP 5,slice_048,4,3215
CT_UIP 5,slice_049,4,2841
CT_UIP 5,slice_050,4,4732
CT_UIP 5,slice_051,4,5000
CT_UIP 5,slice_052,4,5078
CT_UIP 5,slice_053,4,4103
CT_UIP 5,slice_054,4,4005
CT_UIP 5,slice_055,4,4313
CT_UIP 5,slice_056,4,4050
CT_UIP 5,slice_060,4,2716
CT_UIP 5,slice_061,4,2521
CT_UIP 5,slice_062,4,2830
CT_UIP 5,slice_063,4,2791
CT_UIP 5,slice_065,4,3265
CT_UIP 5,slice_066,4,2859
CT_UIP 5,slice_067,4,3371
CT_UIP 5,slice_073,4,2278
CT_UIP 5,slice_074,4,2305
CT_UIP 5,slice_075,4,2675
CT_UIP 5,slice_077,4,1
CT_UIP 5,slice_080,4,1792
CT_UIP 5,slice_081,4,1433
CT_UIP 5,slice_082,4,1556
CT_UIP 5,slice_083,4,1572
CT_UIP 5,slice_084,4,2930
CT_UIP 5,slice_085,4,2868
CT_UIP 5,slice_086,4,2992
CT_UIP 5,slice_087,4,1695
CT_UIP 5,slice_088,4,1662
CT_UIP 5,slice_089,4,1529
CT_UIP 5,slice_090,4,1638
CT_UIP 5,slice_091,4,1061
CT_UIP 5,slice_092,4,1222
CT_UIP 5,slice_093,4,1216
CT_UIP 5,slice_095,4,869
CT_UIP 5,slice_096,4,751
CT_UIP 5,slice_097,4,1030
CT_UIP 5,slice_098,4,754
CT_UIP 5,slice_099,4,694
CT_UIP 5,slice_104,4,1051
CT_UIP 5,slice_105,4,693
CT_UIP 5,slice_106,4,815
CT_UIP 5,slice_107,4,1411
CT_UIP 5,slice_108,4,1294
CT_UIP 5,slice_109,4,1000
CT_UIP 5,slice_110,4,1
CT_UIP 5,slice_126,4,1019
CT_OP 3,slice_062,3,601
CT_OP 3,slice_063,3,627
CT_OP 3,slice_075,3,340
CT_OP 3,slice_076,3,321
CT_OP 3,slice_086,3,382
CT_OP 3,slice_088,3,394
CT_OP 3,slice_089,3,486
CT_OP 3,slice_090,3,392
CT_OP 3,slice_091,3,225
CT_OP 3,slice_098,1,2601
CT_OP 3,slice_098,3,216
CT_OP 3,slice_099,1,1920
CT_OP 3,slice_099,3,262
CT_OP 3,slice_100,1,2058
CT_OP 3,slice_100,3,213
CT_OP 12,slice_031,3,4480
CT_OP 12,slice_032,3,4458
CT_OP 12,slice_033,3,4313
CT_OP 12,slice_034,3,4087
CT_OP 12,slice_035,3,3236
CT_OP 12,slice_036,3,3193
CT_OP 12,slice_037,3,4167
CT_OP 12,slice_048,3,1972
CT_OP 12,slice_049,3,1935
CT_OP 12,slice_050,3,2085
CT_OP 12,slice_051,3,1988
CT_OP 12,slice_052,3,2224
CT_OP 12,slice_053,3,1873
CT_OP 12,slice_057,3,934
CT_OP 12,slice_058,3,480
CT_OP 12,slice_059,3,449
CT_OP 12,slice_060,3,450
CT_UIP 10,slice_058,4,3018
CT_UIP 10,slice_059,4,3337
CT_UIP 10,slice_060,4,3799
CT_UIP 10,slice_061,4,5190
CT_UIP 10,slice_062,4,5873
CT_UIP 10,slice_063,4,6543
CT_UIP 10,slice_064,4,3152
CT_UIP 10,slice_070,4,5443
CT_UIP 10,slice_071,4,4353
CT_UIP 10,slice_073,4,5909
CT_UIP 10,slice_086,4,1809
CT_UIP 10,slice_087,4,1241
CT_UIP 10,slice_088,4,1558
CT_UIP 10,slice_089,4,1046
CT_UIP 10,slice_090,4,1098
CT_UIP 10,slice_091,4,1091
CT_UIP 10,slice_125,4,1130
CT_UIP 10,slice_127,4,944
CT_NSIP 16,slice_042,2,6880
CT_NSIP 16,slice_043,2,4010
CT_NSIP 16,slice_044,2,6846
CT_NSIP 16,slice_045,2,6674
CT_NSIP 16,slice_046,2,4802
CT_NSIP 16,slice_047,2,3112
CT_NSIP 16,slice_048,2,2121
CT_NSIP 16,slice_049,2,2425
CT_NSIP 16,slice_050,2,1652
CT_NSIP 16,slice_051,2,1191
CT_NSIP 16,slice_052,2,1112
CT_NSIP 16,slice_053,2,1246
CT_NSIP 16,slice_054,2,1285
CT_NSIP 16,slice_055,2,1021
CT_NSIP 16,slice_056,2,1462
CT_NSIP 16,slice_057,2,1627
CT_NSIP 16,slice_058,2,1771
CT_NSIP 16,slice_059,2,1440
CT_NSIP 16,slice_060,2,1526
CT_NSIP 16,slice_061,2,1596
CT_NSIP 16,slice_062,2,1369
CT_NSIP 16,slice_063,2,1472
CT_NSIP 16,slice_064,2,1625
CT_NSIP 16,slice_065,2,1068
CT_NSIP 16,slice_066,2,1111
CT_NSIP 16,slice_067,2,1097
CT_NSIP 16,slice_068,2,2215
CT_NSIP 16,slice_069,2,2399
CT_NSIP 16,slice_070,2,1860
CT_NSIP 16,slice_071,2,2319
CT_NSIP 16,slice_072,2,2604
CT_NSIP 16,slice_073,2,1653
CT_NSIP 16,slice_078,4,20
CT_NSIP 16,slice_079,4,19
CT_NSIP 16,slice_080,2,1052
CT_NSIP 16,slice_080,4,24
CT_NSIP 16,slice_081,2,953
CT_NSIP 16,slice_081,4,23
CT_OP 36,slice_059,3,529
CT_OP 36,slice_060,3,1171
CT_OP 36,slice_061,3,916
CT_OP 36,slice_063,3,3609
CT_OP 36,slice_064,3,3701
CT_OP 36,slice_065,3,3334
CT_OP 36,slice_067,3,2185
CT_OP 36,slice_069,3,1984
CT_OP 36,slice_070,3,1881
CT_OP 36,slice_076,3,263
CT_OP 36,slice_077,3,363
CT_OP 36,slice_078,3,469
CT_OP 36,slice_105,3,683
CT_OP 36,slice_106,3,522
CT_OP 36,slice_108,3,574
CT_OP 36,slice_110,3,388
CT_OP 36,slice_111,3,472
CT_OP 36,slice_112,3,548
CT_OP 28,slice_051,3,1521
CT_OP 28,slice_066,1,4169
CT_OP 28,slice_066,3,1189
CT_OP 28,slice_068,1,2926
CT_OP 28,slice_073,1,3915
CT_OP 28,slice_073,3,587
CT_OP 28,slice_074,1,4166
CT_OP 28,slice_074,3,626
CT_OP 28,slice_075,1,3595
CT_OP 28,slice_075,3,1126
CT_OP 28,slice_076,1,7510
CT_OP 28,slice_077,1,5764
CT_OP 28,slice_097,1,1816
CT_OP 28,slice_098,1,1265
CT_OP 28,slice_099,1,1034
CT_OP 24,slice_034,3,2186
CT_OP 24,slice_035,3,2963
CT_OP 24,slice_036,3,4059
CT_OP 24,slice_037,3,2753
CT_OP 24,slice_038,3,3488
CT_OP 24,slice_039,3,2415
CT_OP 24,slice_040,3,2335
CT_OP 24,slice_041,3,3417
CT_OP 24,slice_042,3,2977
CT_OP 24,slice_043,3,3567
CT_OP 24,slice_044,3,2857
CT_OP 24,slice_045,3,2754
CT_OP 24,slice_046,3,2977
CT_OP 24,slice_047,3,2695
CT_OP 24,slice_049,1,5054
CT_OP 24,slice_050,1,4980
CT_OP 24,slice_057,1,4130
CT_OP 24,slice_063,1,2525
CT_OP 24,slice_064,1,2785
CT_OP 24,slice_066,1,3912
CT_OP 24,slice_068,1,3278
CT_OP 24,slice_069,1,3869
CT_OP 24,slice_070,1,3375
CT_OP 24,slice_079,1,1726
CT_OP 24,slice_082,1,515
CT_OP 24,slice_083,1,685
CT_OP 47,slice_052,3,3724
CT_OP 47,slice_053,3,3417
CT_OP 47,slice_054,3,2669
CT_OP 47,slice_055,3,2528
CT_OP 47,slice_056,3,1926
CT_OP 47,slice_057,3,1874
CT_OP 47,slice_058,3,3209
CT_OP 47,slice_059,3,4646
CT_OP 47,slice_060,3,3938
CT_OP 47,slice_061,3,5526
CT_OP 47,slice_062,3,7482
CT_OP 47,slice_063,3,8353
CT_OP 47,slice_064,3,9726
CT_OP 47,slice_065,3,6767
CT_OP 47,slice_066,3,4088
CT_OP 47,slice_067,3,5078
CT_OP 47,slice_068,3,4396
CT_OP 47,slice_069,3,4604
CT_OP 47,slice_070,3,3921
CT_OP 47,slice_071,3,5154
CT_AHP 10,slice_133,1,33950
CT_AHP 10,slice_134,1,34051
CT_AHP 10,slice_135,1,33752
CT_AHP 10,slice_136,1,33187
CT_AHP 10,slice_137,1,31494
CT_AHP 10,slice_138,1,32275
CT_AHP 10,slice_139,1,32345
CT_AHP 10,slice_140,1,31780
CT_AHP 10,slice_141,1,31329
CT_AHP 10,slice_142,1,30467
CT_AHP 10,slice_143,1,29232
CT_AHP 10,slice_144,1,28469
CT_AHP 10,slice_145,1,28186
CT_AHP 10,slice_146,1,27374
CT_AHP 10,slice_147,1,25920
CT_AHP 10,slice_148,1,25520
CT_AHP 10,slice_149,1,24264
CT_AHP 10,slice_150,1,23404
CT_AHP 10,slice_151,1,21805
CT_UIP 1,slice_058,2,1
CT_UIP 1,slice_059,2,9293
CT_UIP 1,slice_060,2,10121
CT_UIP 1,slice_061,2,11346
CT_UIP 1,slice_076,2,8665
CT_UIP 1,slice_077,2,12101
CT_UIP 1,slice_079,2,8572
CT_UIP 1,slice_080,2,8372
CT_UIP 1,slice_081,2,8046
CT_UIP 1,slice_082,2,8810
CT_UIP 1,slice_085,2,5579
CT_UIP 1,slice_086,2,5516
CT_UIP 1,slice_087,2,6348
CT_UIP 1,slice_089,2,6049
CT_UIP 1,slice_090,2,7648
CT_UIP 1,slice_091,2,6222
CT_UIP 1,slice_092,2,5769
CT_UIP 1,slice_093,2,5524
CT_UIP 1,slice_094,2,6868
CT_UIP 1,slice_095,2,6166
CT_UIP 1,slice_096,2,4642
CT_UIP 1,slice_097,2,3335
CT_UIP 1,slice_098,2,3209
CT_UIP 1,slice_099,2,3244
CT_UIP 1,slice_100,2,2933
CT_UIP 1,slice_101,2,2423
CT_UIP 1,slice_104,2,4668
CT_UIP 1,slice_110,2,4254
CT_UIP 1,slice_111,2,5499
CT_UIP 1,slice_112,2,3315
CT_UIP 1,slice_113,2,4197
CT_UIP 1,slice_114,2,2408
CT_UIP 1,slice_115,2,3170
CT_UIP 1,slice_119,2,15
CT_UIP 1,slice_123,4,873
CT_UIP 1,slice_124,4,2151
CT_UIP 1,slice_125,4,2179
CT_UIP 1,slice_135,4,2461
CT_UIP 1,slice_149,2,6249
CT_OP 7,slice_024,3,2265
CT_OP 7,slice_025,3,2343
CT_OP 7,slice_026,3,2361
CT_OP 7,slice_030,3,2363
CT_OP 7,slice_031,3,2012
CT_OP 7,slice_032,3,1615
CT_OP 7,slice_033,3,1527
CT_OP 7,slice_034,3,2021
CT_OP 7,slice_035,3,2164
CT_OP 7,slice_037,3,3342
CT_OP 7,slice_038,3,2976
CT_OP 7,slice_051,3,918
CT_OP 7,slice_052,3,812
CT_OP 7,slice_055,3,729
CT_OP 7,slice_056,3,1063
CT_OP 7,slice_063,3,201
CT_OP 7,slice_081,1,290
CT_UIP 22,slice_083,2,7783
CT_UIP 22,slice_084,2,8470
CT_UIP 22,slice_085,2,4930
CT_UIP 22,slice_086,2,6249
CT_UIP 22,slice_087,2,5260
CT_UIP 22,slice_095,2,8126
CT_UIP 22,slice_096,2,5201
CT_UIP 22,slice_097,2,6328
CT_UIP 22,slice_098,2,6130
CT_UIP 22,slice_099,2,4138
CT_UIP 22,slice_100,2,3451
CT_UIP 22,slice_101,2,5106
CT_UIP 22,slice_102,2,4812
CT_UIP 22,slice_103,2,5501
CT_UIP 22,slice_104,2,6630
CT_UIP 22,slice_105,2,8057
CT_UIP 22,slice_106,2,8458
CT_UIP 22,slice_107,2,6158
CT_UIP 22,slice_108,2,6693
CT_UIP 22,slice_109,2,6910
CT_UIP 22,slice_110,2,7682
CT_UIP 22,slice_111,2,5332
CT_OP 20,slice_050,3,1530
CT_OP 20,slice_053,3,2887
CT_OP 20,slice_054,3,1976
CT_OP 20,slice_055,3,1571
CT_OP 20,slice_056,3,1617
CT_OP 20,slice_059,3,904
CT_OP 20,slice_060,3,1142
CT_OP 20,slice_061,3,847
CT_OP 20,slice_062,3,996
CT_OP 20,slice_063,3,970
CT_OP 20,slice_064,3,1054
CT_OP 20,slice_065,3,1241
CT_OP 20,slice_075,1,487
CT_OP 20,slice_076,1,435
CT_OP 20,slice_093,1,388
CT_OP 20,slice_099,1,351
CT_OP 20,slice_100,1,395
CT_OP 43,slice_066,3,3608
CT_OP 43,slice_067,3,2800
CT_OP 43,slice_068,1,2
CT_OP 43,slice_068,3,3020
CT_OP 43,slice_069,3,2837
CT_OP 43,slice_070,3,1915
CT_OP 43,slice_071,3,2104
CT_OP 43,slice_072,1,1
CT_OP 43,slice_072,3,1
CT_OP 43,slice_073,1,2
CT_OP 43,slice_073,3,255
CT_OP 43,slice_074,3,486
CT_OP 43,slice_075,1,4
CT_OP 43,slice_075,3,1115
CT_OP 43,slice_076,3,1010
CT_OP 43,slice_077,1,3
CT_OP 43,slice_077,3,1061
CT_OP 43,slice_078,3,2233
CT_OP 43,slice_079,1,1
CT_OP 43,slice_079,3,1727
CT_OP 43,slice_080,1,1
CT_OP 43,slice_080,3,3117
CT_OP 43,slice_081,1,2
CT_OP 43,slice_081,3,2025
CT_OP 43,slice_082,3,1732
CT_OP 43,slice_083,1,1
CT_OP 43,slice_083,3,1631
CT_OP 43,slice_084,3,1267
CT_OP 43,slice_085,3,960
CT_OP 43,slice_086,1,2
CT_OP 43,slice_086,3,1331
CT_OP 43,slice_087,3,1429
CT_OP 32,slice_060,3,1398
CT_OP 32,slice_061,3,1785
CT_OP 32,slice_062,3,1768
CT_OP 32,slice_063,3,1775
CT_OP 32,slice_070,3,2691
CT_OP 32,slice_071,3,3076
CT_OP 32,slice_072,3,3257
CT_OP 32,slice_073,3,3553
CT_OP 32,slice_074,3,4077
CT_OP 32,slice_075,3,3987
CT_OP 32,slice_076,3,3312
CT_OP 32,slice_077,3,3361
CT_OP 32,slice_087,3,767
CT_OP 32,slice_088,3,542
CT_OP 32,slice_099,3,1308
CT_OP 32,slice_100,3,2052
CT_OP 32,slice_101,3,2828
CT_OP 32,slice_103,3,4815
CT_OP 32,slice_104,3,4877
CT_OP 32,slice_105,3,4551
CT_OP 32,slice_106,3,4540
CT_OP 32,slice_107,3,4014
CT_OP 32,slice_108,3,3932
CT_OP 32,slice_109,3,3729
CT_OP 32,slice_110,3,3452
CT_OP 32,slice_111,3,2987
CT_OP 32,slice_112,3,2050
CT_OP 32,slice_113,3,1800
CT_OP 32,slice_114,3,1420
CT_NSIP 12,slice_024,2,4622
CT_NSIP 12,slice_025,2,6286
CT_NSIP 12,slice_026,2,7972
CT_NSIP 12,slice_027,2,10319
CT_NSIP 12,slice_027,3,4
CT_NSIP 12,slice_028,2,9719
CT_NSIP 12,slice_029,2,4899
CT_NSIP 12,slice_030,2,4690
CT_NSIP 12,slice_031,2,3501
CT_NSIP 12,slice_032,2,2348
CT_NSIP 12,slice_033,2,2068
CT_NSIP 12,slice_034,2,1958
CT_NSIP 12,slice_035,2,1644
CT_NSIP 12,slice_036,2,1438
CT_NSIP 12,slice_037,2,1411
CT_NSIP 12,slice_038,2,1490
CT_NSIP 12,slice_039,2,1777
CT_NSIP 12,slice_040,2,1565
CT_NSIP 12,slice_041,2,1748
CT_NSIP 12,slice_042,2,1947
CT_NSIP 12,slice_043,2,1967
CT_NSIP 12,slice_044,2,2068
CT_NSIP 12,slice_045,2,2280
CT_NSIP 12,slice_046,2,2207
CT_NSIP 12,slice_047,2,1623
CT_NSIP 12,slice_048,2,2275
CT_NSIP 12,slice_049,2,1469
CT_NSIP 12,slice_050,2,1854
CT_NSIP 12,slice_051,2,1600
CT_NSIP 12,slice_052,2,1281
CT_NSIP 12,slice_053,2,1324
CT_NSIP 12,slice_054,2,1358
CT_UIP 18,slice_042,4,12056
CT_UIP 18,slice_043,4,12316
CT_UIP 18,slice_048,4,15113
CT_UIP 18,slice_049,4,14832
CT_UIP 18,slice_050,4,13926
CT_UIP 18,slice_051,4,14048
CT_UIP 18,slice_053,4,10711
CT_UIP 18,slice_054,4,10429
CT_UIP 18,slice_055,4,9049
CT_UIP 18,slice_056,4,7976
CT_UIP 18,slice_057,4,9082
CT_UIP 18,slice_058,4,7017
CT_UIP 18,slice_059,4,4373
CT_UIP 18,slice_060,4,3872
CT_UIP 18,slice_061,4,3664
CT_UIP 18,slice_062,4,3078
CT_UIP 18,slice_063,4,1878
CT_UIP 18,slice_064,4,1772
CT_UIP 18,slice_065,4,1647
CT_UIP 18,slice_066,4,1236
CT_UIP 18,slice_067,4,1099
CT_UIP 18,slice_068,4,1123
CT_UIP 18,slice_069,4,623
CT_OP 16,slice_043,3,2860
CT_OP 16,slice_044,3,3115
CT_OP 16,slice_045,3,3095
CT_OP 16,slice_046,3,4896
CT_OP 16,slice_047,3,5530
CT_OP 16,slice_048,3,5821
CT_OP 16,slice_049,3,6310
CT_OP 16,slice_050,3,7093
CT_OP 16,slice_051,3,7413
CT_OP 16,slice_052,3,8072
CT_OP 16,slice_053,3,8261
CT_OP 16,slice_054,3,7876
CT_OP 16,slice_055,3,7931
CT_OP 16,slice_056,3,6992
CT_OP 16,slice_057,3,6720
CT_OP 16,slice_058,3,7110
CT_OP 16,slice_059,3,6782
CT_OP 16,slice_060,3,6520
CT_OP 16,slice_061,3,5785
CT_OP 16,slice_062,3,4731
CT_OP 16,slice_063,3,4035
CT_OP 16,slice_064,3,2900
CT_OP 16,slice_065,3,2939
CT_OP 16,slice_066,3,2342
CT_OP 16,slice_067,3,1972
CT_OP 16,slice_068,3,1586
CT_OP 16,slice_070,3,764
CT_OP 16,slice_071,3,909
CT_OP 16,slice_072,3,810
CT_OP 16,slice_073,3,662
CT_OP 16,slice_074,3,529
CT_OP 16,slice_075,3,568
CT_OP 16,slice_076,3,467
CT_OP 16,slice_077,3,472
CT_OP 16,slice_078,3,494
CT_OP 16,slice_079,3,345
CT_OP 16,slice_080,3,240
CT_UIP 14,slice_047,4,6098
CT_UIP 14,slice_048,4,6715
CT_UIP 14,slice_049,4,7428
CT_UIP 14,slice_053,4,1243
CT_UIP 14,slice_054,4,996
CT_UIP 14,slice_066,4,409
CT_UIP 14,slice_067,4,408
CT_UIP 14,slice_068,4,566
CT_UIP 14,slice_069,4,843
CT_UIP 14,slice_070,4,1025
CT_UIP 14,slice_071,4,1051
CT_UIP 14,slice_072,4,1029
CT_UIP 14,slice_073,4,1104
CT_UIP 14,slice_074,4,1647
CT_UIP 14,slice_075,4,1741
CT_UIP 14,slice_076,4,1846
CT_UIP 14,slice_077,4,1656
CT_UIP 14,slice_078,4,1070
CT_UIP 14,slice_085,4,1554
CT_UIP 14,slice_086,4,935
CT_UIP 14,slice_087,4,810
CT_AHP 3,slice_034,1,61737
CT_AHP 3,slice_035,1,61723
CT_AHP 3,slice_036,1,60988
CT_AHP 3,slice_037,1,59927
CT_AHP 3,slice_038,1,60087
CT_AHP 3,slice_039,1,60222
CT_AHP 3,slice_040,1,2
CT_AHP 3,slice_041,1,55074
CT_AHP 3,slice_042,1,53352
CT_AHP 3,slice_043,1,53091
CT_AHP 3,slice_044,1,53057
CT_AHP 3,slice_045,1,52793
CT_AHP 3,slice_046,1,52813
CT_AHP 3,slice_047,1,52993
CT_AHP 3,slice_048,1,52551
CT_AHP 3,slice_049,1,52869
CT_OP 30,slice_030,3,2219
CT_OP 30,slice_031,3,2568
CT_OP 30,slice_032,3,2678
CT_OP 30,slice_033,3,3131
CT_OP 30,slice_034,3,3267
CT_OP 30,slice_035,3,3092
CT_OP 30,slice_036,3,3245
CT_OP 30,slice_044,3,4387
CT_OP 30,slice_045,3,3961
CT_OP 30,slice_046,3,4601
CT_OP 30,slice_047,3,5177
CT_OP 30,slice_049,3,4026
CT_OP 30,slice_050,3,3158
CT_OP 30,slice_051,3,2227
CT_OP 30,slice_052,3,1829
CT_OP 30,slice_053,3,1906
CT_OP 30,slice_054,3,1556
CT_NSIP 10,slice_047,2,6795
CT_NSIP 10,slice_048,2,7846
CT_NSIP 10,slice_049,2,6313
CT_NSIP 10,slice_050,2,5120
CT_NSIP 10,slice_051,2,4945
CT_NSIP 10,slice_052,2,4983
CT_NSIP 10,slice_053,2,4348
CT_NSIP 10,slice_054,2,4778
CT_NSIP 10,slice_055,2,4358
CT_NSIP 10,slice_056,2,2934
CT_NSIP 10,slice_057,2,3601
CT_NSIP 10,slice_058,2,3742
CT_NSIP 10,slice_059,2,5432
CT_NSIP 10,slice_060,2,4656
CT_NSIP 10,slice_061,2,4174
CT_NSIP 10,slice_062,2,4565
CT_NSIP 10,slice_063,2,4482
CT_NSIP 10,slice_064,2,4600
CT_NSIP 10,slice_065,2,2802
CT_NSIP 10,slice_066,2,3233
CT_NSIP 10,slice_067,2,4333
CT_NSIP 10,slice_068,2,3737
CT_NSIP 10,slice_069,2,3977
CT_NSIP 10,slice_070,2,2937
CT_NSIP 10,slice_071,2,3487
CT_NSIP 10,slice_072,2,3779
CT_NSIP 10,slice_073,2,3802
CT_NSIP 10,slice_074,2,3533
CT_NSIP 10,slice_075,2,3418
CT_NSIP 10,slice_076,2,3587
CT_NSIP 10,slice_077,2,2088
CT_NSIP 10,slice_078,2,1418
CT_NSIP 10,slice_079,2,4440
CT_NSIP 10,slice_080,2,2589
CT_NSIP 10,slice_081,2,1162
CT_OP 41,slice_059,3,610
CT_OP 41,slice_060,3,623
CT_OP 41,slice_061,3,711
CT_OP 41,slice_062,3,675
CT_OP 41,slice_063,3,828
CT_OP 41,slice_064,3,968
CT_OP 41,slice_065,3,1245
CT_OP 41,slice_066,3,1396
CT_OP 41,slice_067,3,1581
CT_OP 41,slice_068,3,1732
CT_OP 41,slice_069,3,1956
CT_OP 41,slice_070,3,2463
CT_OP 41,slice_071,3,2778
CT_OP 41,slice_072,3,2389
CT_OP 41,slice_073,3,1909
CT_OP 41,slice_074,3,1364
CT_OP 41,slice_075,3,903
CT_OP 22,slice_046,3,5647
CT_OP 22,slice_047,3,6071
CT_OP 22,slice_048,3,7606
CT_OP 22,slice_051,3,9393
CT_OP 22,slice_052,3,9912
CT_OP 22,slice_053,3,11430
CT_OP 22,slice_054,3,10700
CT_OP 22,slice_055,3,10628
CT_OP 22,slice_056,3,9784
CT_OP 22,slice_057,3,8882
CT_OP 22,slice_062,3,9550
CT_OP 22,slice_063,3,9129
CT_OP 22,slice_072,1,8124
CT_OP 22,slice_072,3,6402
CT_OP 22,slice_076,3,3605
CT_OP 22,slice_077,1,6179
CT_OP 22,slice_077,3,3685
CT_OP 22,slice_087,3,1963
CT_OP 22,slice_089,3,2444
CT_UIP 20,slice_067,4,12052
CT_UIP 20,slice_068,4,12095
CT_UIP 20,slice_069,4,10927
CT_UIP 20,slice_070,4,10944
CT_UIP 20,slice_071,4,10887
CT_UIP 20,slice_072,4,11952
CT_UIP 20,slice_073,4,12992
CT_UIP 20,slice_074,4,13547
CT_UIP 20,slice_075,4,11478
CT_UIP 20,slice_076,4,11447
CT_UIP 20,slice_077,4,10017
CT_UIP 20,slice_078,4,9442
CT_UIP 20,slice_079,4,8224
CT_UIP 20,slice_080,4,6715
CT_UIP 20,slice_081,4,6155
CT_UIP 20,slice_082,4,5009
CT_UIP 20,slice_083,4,3711
CT_UIP 20,slice_084,4,3371
CT_UIP 20,slice_085,4,2777
CT_UIP 20,slice_086,4,1839
CT_UIP 20,slice_138,4,1244
CT_UIP 20,slice_139,4,1294
CT_UIP 20,slice_140,4,1356
CT_AHP 1,slice_077,1,50707
CT_AHP 1,slice_078,1,51395
CT_AHP 1,slice_079,1,52172
CT_AHP 1,slice_080,1,51749
CT_AHP 1,slice_081,1,49566
CT_AHP 1,slice_082,1,50148
CT_AHP 1,slice_083,1,49447
CT_AHP 1,slice_084,1,49410
CT_AHP 1,slice_085,1,49389
CT_AHP 1,slice_086,1,49812
CT_AHP 1,slice_087,1,51635
CT_AHP 1,slice_088,1,51168
CT_AHP 1,slice_089,1,49146
CT_AHP 1,slice_090,1,47355
CT_AHP 1,slice_091,1,48510
CT_AHP 1,slice_092,1,49829
CT_AHP 1,slice_093,1,48345
CT_UIP 16,slice_115,2,5471
CT_UIP 16,slice_116,2,5093
CT_UIP 16,slice_117,2,4910
CT_UIP 16,slice_119,2,3916
CT_UIP 16,slice_135,2,5705
CT_UIP 16,slice_136,2,5140
CT_UIP 16,slice_137,2,5556
CT_UIP 16,slice_138,2,4450
CT_UIP 16,slice_139,2,5842
CT_UIP 16,slice_140,2,4540
CT_UIP 16,slice_141,2,3813
CT_UIP 16,slice_142,2,3117
CT_UIP 16,slice_143,2,2300
CT_UIP 16,slice_144,2,3399
CT_UIP 16,slice_145,2,2498
CT_UIP 16,slice_146,2,2872
CT_UIP 16,slice_147,2,2943
CT_UIP 16,slice_148,2,3170
CT_UIP 16,slice_149,2,1955
CT_UIP 16,slice_150,2,2106
CT_UIP 16,slice_151,2,1673
CT_OP 14,slice_045,3,7968
CT_OP 14,slice_046,3,8718
CT_OP 14,slice_047,3,9741
CT_OP 14,slice_048,3,10967
CT_OP 14,slice_049,3,12771
CT_OP 14,slice_050,3,13812
CT_OP 14,slice_051,3,13375
CT_OP 14,slice_052,3,14429
CT_OP 14,slice_053,3,15651
CT_OP 14,slice_054,3,16587
CT_OP 14,slice_090,3,634
CT_OP 14,slice_091,3,573
CT_OP 14,slice_092,3,971
CT_OP 18,slice_071,3,408
CT_OP 18,slice_072,3,741
CT_OP 18,slice_086,1,5683
CT_OP 18,slice_087,1,4868
CT_OP 18,slice_094,1,1199
CT_OP 18,slice_102,1,1528
CT_OP 18,slice_103,1,2210
CT_OP 18,slice_104,1,2076
CT_OP 18,slice_105,1,2457
CT_OP 18,slice_106,1,2236
CT_OP 18,slice_107,1,2309
CT_OP 18,slice_108,1,2141
CT_OP 18,slice_109,1,1382
CT_OP 18,slice_110,1,1414
CT_OP 9,slice_037,1,3524
CT_OP 9,slice_038,1,3611
CT_OP 9,slice_044,1,4765
CT_OP 9,slice_047,1,7770
CT_OP 9,slice_047,3,322
CT_OP 9,slice_048,1,7977
CT_OP 9,slice_048,3,370
CT_OP 9,slice_053,1,7218
CT_OP 9,slice_054,1,9636
CT_OP 9,slice_055,1,6353
CT_OP 9,slice_056,1,8141
CT_OP 9,slice_057,1,6333
CT_OP 9,slice_058,1,6399
CT_OP 9,slice_059,1,4459
CT_OP 9,slice_061,1,2635
CT_OP 9,slice_066,1,4269
CT_OP 5,slice_045,3,2122
CT_OP 5,slice_048,3,5028
CT_OP 5,slice_049,3,5164
CT_OP 5,slice_050,3,5096
CT_OP 5,slice_061,3,4873
CT_OP 5,slice_062,3,5125
CT_OP 5,slice_063,3,4165
CT_OP 5,slice_070,3,2539
CT_OP 5,slice_079,3,1155
CT_OP 5,slice_080,3,1215
CT_OP 5,slice_081,3,1259
CT_OP 5,slice_084,3,859
CT_OP 5,slice_098,1,5539
CT_OP 5,slice_101,1,4743
CT_OP 5,slice_102,1,4480
CT_OP 5,slice_105,1,2761
CT_UIP 3,slice_072,4,2101
CT_UIP 3,slice_073,4,1886
CT_UIP 3,slice_074,4,2
CT_UIP 3,slice_075,4,2
CT_UIP 3,slice_076,4,2032
CT_UIP 3,slice_077,4,2011
CT_UIP 3,slice_078,4,1377
CT_UIP 3,slice_094,4,2758
CT_UIP 3,slice_112,4,3673
CT_UIP 3,slice_113,4,3004
CT_UIP 3,slice_117,4,1149
CT_UIP 3,slice_120,4,2271
CT_UIP 3,slice_121,4,1814
CT_UIP 3,slice_122,4,3186
CT_UIP 3,slice_123,4,3061
CT_UIP 3,slice_124,4,2233
CT_UIP 3,slice_125,4,2300
CT_UIP 3,slice_126,4,2237
CT_UIP 3,slice_127,4,733
CT_UIP 3,slice_128,4,888
CT_UIP 6,slice_049,4,5752
CT_UIP 6,slice_050,4,6635
CT_UIP 6,slice_051,4,7792
CT_UIP 6,slice_052,4,8996
CT_UIP 6,slice_053,4,9721
CT_UIP 6,slice_054,4,10905
CT_UIP 6,slice_061,4,23784
CT_UIP 6,slice_062,4,25485
CT_UIP 6,slice_063,4,27792
CT_UIP 6,slice_064,4,30497
CT_UIP 6,slice_065,4,33041
CT_UIP 6,slice_066,4,34303
CT_UIP 6,slice_067,4,36962
CT_UIP 6,slice_068,4,39159
CT_UIP 6,slice_069,4,41261
CT_UIP 6,slice_070,4,42816
CT_UIP 6,slice_090,4,9718
CT_UIP 6,slice_097,4,11552
CT_UIP 6,slice_098,4,9717
CT_UIP 6,slice_127,4,2782
CT_UIP 6,slice_128,4,2489
CT_OP 27,slice_040,3,741
CT_OP 27,slice_041,3,666
CT_OP 27,slice_042,3,1110
CT_OP 27,slice_043,1,927
CT_OP 27,slice_043,3,1864
CT_OP 27,slice_044,1,2011
CT_OP 27,slice_044,3,1727
CT_OP 27,slice_045,1,1948
CT_OP 27,slice_045,3,1410
CT_OP 27,slice_046,1,1978
CT_OP 27,slice_046,3,1425
CT_OP 27,slice_047,1,2485
CT_OP 27,slice_047,3,1185
CT_OP 27,slice_051,1,1706
CT_OP 27,slice_051,3,772
CT_OP 27,slice_055,1,1234
CT_OP 27,slice_055,3,621
CT_OP 27,slice_056,1,1732
CT_OP 27,slice_056,3,546
CT_OP 27,slice_057,1,1488
CT_OP 27,slice_057,3,670
CT_OP 27,slice_084,1,526
CT_OP 27,slice_084,3,274
CT_OP 27,slice_103,1,970
CT_OP 27,slice_103,3,431
CT_OP 27,slice_104,1,827
CT_OP 27,slice_104,3,559
CT_OP 27,slice_105,1,1149
CT_OP 27,slice_105,3,125
CT_OP 27,slice_106,1,1122
CT_OP 27,slice_106,3,77
CT_OP 27,slice_108,1,605
CT_OP 39,slice_084,3,3135
CT_OP 39,slice_085,3,2482
CT_OP 39,slice_086,3,2558
CT_OP 39,slice_087,3,2533
CT_OP 39,slice_088,3,2353
CT_OP 39,slice_089,3,1744
CT_OP 39,slice_091,3,1260
CT_OP 39,slice_092,3,1023
CT_OP 39,slice_093,1,6712
CT_OP 39,slice_093,3,862
CT_OP 39,slice_095,1,9320
CT_OP 39,slice_095,3,1008
CT_OP 39,slice_096,1,8246
CT_OP 39,slice_096,3,971
CT_OP 39,slice_097,1,8580
CT_OP 39,slice_097,3,993
CT_OP 39,slice_098,1,9480
CT_OP 39,slice_098,3,1335
CT_OP 39,slice_099,1,8994
CT_OP 39,slice_099,3,1579
CT_OP 39,slice_100,1,9624
CT_OP 39,slice_100,3,1752
CT_OP 39,slice_101,3,2323
CT_NSIP 19,slice_054,2,14039
CT_NSIP 19,slice_055,2,14259
CT_NSIP 19,slice_056,2,15824
CT_NSIP 19,slice_057,2,15839
CT_NSIP 19,slice_058,2,11494
CT_NSIP 19,slice_059,2,12233
CT_NSIP 19,slice_060,2,9731
CT_NSIP 19,slice_061,2,3913
CT_NSIP 19,slice_062,2,2570
CT_NSIP 19,slice_063,2,2926
CT_NSIP 19,slice_064,2,3795
CT_NSIP 19,slice_065,2,3226
CT_NSIP 19,slice_070,2,7851
CT_NSIP 19,slice_071,2,6345
CT_NSIP 19,slice_072,2,4095
CT_NSIP 19,slice_073,2,4022
CT_NSIP 19,slice_074,2,1749
CT_NSIP 19,slice_075,2,1597
CT_NSIP 19,slice_076,2,2062
CT_OP 44,slice_055,1,9886
CT_OP 44,slice_055,3,2809
CT_OP 44,slice_056,1,9785
CT_OP 44,slice_056,3,2647
CT_OP 44,slice_057,1,8211
CT_OP 44,slice_057,3,3014
CT_OP 44,slice_058,1,8053
CT_OP 44,slice_058,3,2346
CT_OP 44,slice_059,1,6947
CT_OP 44,slice_059,3,2474
CT_OP 44,slice_060,1,8219
CT_OP 44,slice_060,3,1930
CT_OP 44,slice_061,1,9323
CT_OP 44,slice_061,3,2250
CT_OP 44,slice_062,1,10075
CT_OP 44,slice_062,3,1900
CT_OP 44,slice_063,1,9173
CT_OP 44,slice_063,3,2272
CT_OP 44,slice_064,1,5448
CT_OP 44,slice_064,3,2440
CT_OP 44,slice_065,1,8062
CT_OP 44,slice_065,3,2600
CT_OP 44,slice_066,1,7093
CT_OP 44,slice_066,3,2142
CT_OP 44,slice_067,1,7975
CT_OP 44,slice_067,3,1799
CT_OP 44,slice_068,1,10336
CT_OP 44,slice_068,3,1610
CT_OP 44,slice_069,1,10603
CT_OP 44,slice_069,3,1720
CT_OP 44,slice_070,1,11411
CT_OP 44,slice_070,3,1175
CT_OP 44,slice_071,1,9395
CT_OP 44,slice_071,3,1674
CT_OP 44,slice_072,1,8587
CT_OP 44,slice_072,3,2063
CT_OP 44,slice_073,1,9655
CT_OP 44,slice_073,3,1818
CT_OP 44,slice_074,1,9690
CT_OP 44,slice_074,3,1258
CT_OP 35,slice_024,3,11245
CT_OP 35,slice_033,3,13260
CT_OP 35,slice_034,3,12193
CT_OP 35,slice_035,3,10933
CT_OP 35,slice_036,3,10299
CT_OP 35,slice_044,3,7400
CT_OP 35,slice_047,3,5906
CT_OP 35,slice_048,3,5642
CT_OP 35,slice_049,3,5210
CT_OP 35,slice_050,3,4403
CT_OP 35,slice_051,3,5341
CT_OP 35,slice_052,3,5839
CT_OP 35,slice_053,3,5996
CT_OP 35,slice_054,3,5441
CT_OP 35,slice_055,3,4886
CT_OP 35,slice_056,3,4817
CT_OP 35,slice_078,3,2524
CT_OP 35,slice_079,3,2097
CT_NSIP 15,slice_055,2,5014
CT_NSIP 15,slice_056,2,5130
CT_NSIP 15,slice_057,2,5049
CT_NSIP 15,slice_058,2,4812
CT_NSIP 15,slice_059,2,4355
CT_NSIP 15,slice_060,2,4355
CT_NSIP 15,slice_061,2,4432
CT_NSIP 15,slice_062,2,3925
CT_NSIP 15,slice_063,2,4129
CT_NSIP 15,slice_064,2,4630
CT_NSIP 15,slice_065,2,4118
CT_NSIP 15,slice_066,2,2723
CT_NSIP 15,slice_067,2,2904
CT_NSIP 15,slice_068,2,2676
CT_NSIP 15,slice_069,2,2558
CT_NSIP 15,slice_070,2,2128
CT_NSIP 15,slice_071,2,2660
CT_NSIP 15,slice_072,2,3157
CT_NSIP 15,slice_073,2,2660
CT_NSIP 15,slice_074,2,2660
CT_OP 48,slice_029,1,3345
CT_OP 48,slice_029,3,2773
CT_OP 48,slice_030,1,5121
CT_OP 48,slice_030,3,4492
CT_OP 48,slice_031,1,5855
CT_OP 48,slice_031,3,4575
CT_OP 48,slice_032,1,6810
CT_OP 48,slice_032,3,3487
CT_OP 48,slice_033,1,3167
CT_OP 48,slice_033,3,4220
CT_OP 48,slice_034,1,5739
CT_OP 48,slice_034,3,4042
CT_OP 48,slice_035,1,4504
CT_OP 48,slice_035,3,3762
CT_OP 48,slice_036,1,2812
CT_OP 48,slice_036,3,4053
CT_OP 48,slice_037,1,3283
CT_OP 48,slice_037,3,4274
CT_OP 48,slice_038,1,2549
CT_OP 48,slice_038,3,4356
CT_OP 48,slice_039,1,1618
CT_OP 48,slice_039,3,3744
CT_OP 48,slice_040,1,1814
CT_OP 48,slice_040,3,4536
CT_OP 48,slice_041,1,2514
CT_OP 48,slice_041,3,2428
CT_OP 48,slice_042,1,2367
CT_OP 48,slice_042,3,4412
CT_OP 48,slice_043,1,2677
CT_OP 48,slice_043,3,4149
CT_OP 48,slice_044,1,2540
CT_OP 48,slice_044,3,3166
CT_OP 48,slice_045,1,5269
CT_OP 48,slice_045,3,1721
CT_NSIP 5,slice_033,2,2198
CT_NSIP 5,slice_034,2,2736
CT_NSIP 5,slice_035,2,3517
CT_NSIP 5,slice_036,2,4174
CT_NSIP 5,slice_037,2,5149
CT_NSIP 5,slice_038,2,6146
CT_NSIP 5,slice_039,2,7567
CT_NSIP 5,slice_040,2,8846
CT_NSIP 5,slice_041,2,10700
CT_NSIP 5,slice_042,2,11773
CT_NSIP 5,slice_043,2,13808
CT_NSIP 5,slice_044,2,14456
CT_NSIP 5,slice_045,2,13642
CT_NSIP 5,slice_046,2,12398
CT_NSIP 5,slice_047,2,11282
CT_NSIP 5,slice_048,2,11330
CT_AHP 8,slice_070,1,6
CT_AHP 8,slice_071,1,7
CT_AHP 8,slice_072,1,34680
CT_AHP 8,slice_072,3,278
CT_AHP 8,slice_073,1,32301
CT_AHP 8,slice_073,3,278
CT_AHP 8,slice_074,1,31112
CT_AHP 8,slice_075,1,30535
CT_AHP 8,slice_076,1,30619
CT_AHP 8,slice_077,1,29372
CT_AHP 8,slice_078,1,28712
CT_AHP 8,slice_079,1,28221
CT_AHP 8,slice_080,1,28468
CT_AHP 8,slice_081,1,29406
CT_AHP 8,slice_082,1,29101
CT_AHP 8,slice_083,1,27576
CT_AHP 8,slice_084,1,27007
CT_AHP 8,slice_085,1,26800
CT_AHP 8,slice_086,1,26584
CT_AHP 8,slice_087,1,28148
CT_AHP 8,slice_088,1,27037
CT_AHP 8,slice_089,1,29072
CT_AHP 8,slice_090,1,29069
CT_AHP 8,slice_091,1,29754
CT_UIP 13,slice_039,4,8752
CT_UIP 13,slice_040,4,10674
CT_UIP 13,slice_041,4,14185
CT_UIP 13,slice_042,4,17681
CT_UIP 13,slice_043,4,21680
CT_UIP 13,slice_055,4,21692
CT_UIP 13,slice_056,4,22632
CT_UIP 13,slice_060,4,18848
CT_UIP 13,slice_065,4,10449
CT_UIP 13,slice_066,4,10485
CT_UIP 13,slice_069,4,11441
CT_UIP 13,slice_070,4,12596
CT_UIP 13,slice_071,4,14635
CT_UIP 13,slice_072,4,14350
CT_UIP 13,slice_073,4,15389
CT_UIP 13,slice_082,4,14826
CT_UIP 13,slice_090,4,13334
CT_UIP 13,slice_091,4,13354
CT_UIP 13,slice_092,4,15357
CT_UIP 13,slice_095,4,18248
CT_UIP 13,slice_097,4,18119
CT_OP 11,slice_061,3,7263
CT_OP 11,slice_062,3,7732
CT_OP 11,slice_063,3,6675
CT_OP 11,slice_064,3,7035
CT_OP 11,slice_065,3,8247
CT_OP 11,slice_066,3,8306
CT_OP 11,slice_067,3,8786
CT_OP 11,slice_068,3,8015
CT_OP 11,slice_069,3,7885
CT_OP 11,slice_070,3,7606
CT_OP 11,slice_071,3,8111
CT_OP 11,slice_072,3,7817
CT_OP 11,slice_073,3,8040
CT_OP 11,slice_074,3,8431
CT_OP 11,slice_075,3,7106
CT_OP 11,slice_076,3,7693
CT_OP 11,slice_077,3,6761
CT_OP 11,slice_078,3,7420
CT_AHP 4,slice_044,1,30924
CT_AHP 4,slice_045,1,26700
CT_AHP 4,slice_046,1,23274
CT_AHP 4,slice_047,1,19976
CT_AHP 4,slice_048,1,27118
CT_AHP 4,slice_049,1,29359
CT_AHP 4,slice_050,1,28593
CT_AHP 4,slice_051,1,28746
CT_AHP 4,slice_052,1,26994
CT_AHP 4,slice_053,1,25768
CT_AHP 4,slice_054,1,21530
CT_AHP 4,slice_055,1,23235
CT_AHP 4,slice_062,1,18190
CT_AHP 4,slice_063,1,20664
CT_AHP 4,slice_064,1,19725
CT_AHP 4,slice_065,1,22674
CT_AHP 4,slice_066,1,21324
CT_OP 29,slice_034,3,5509
CT_OP 29,slice_035,3,6862
CT_OP 29,slice_039,3,4476
CT_OP 29,slice_040,3,4944
CT_OP 29,slice_041,3,4166
CT_OP 29,slice_042,3,4663
CT_OP 29,slice_043,3,4858
CT_OP 29,slice_044,3,4729
CT_OP 29,slice_045,3,5023
CT_OP 29,slice_046,3,4604
CT_OP 29,slice_047,3,4424
CT_OP 29,slice_048,3,4136
CT_OP 29,slice_049,3,3190
CT_OP 29,slice_050,3,2644
CT_OP 29,slice_051,3,2191
CT_OP 29,slice_052,3,2106
CT_OP 29,slice_055,3,2013
CT_OP 37,slice_074,1,16295
CT_OP 37,slice_074,3,15911
CT_OP 37,slice_075,3,14889
CT_OP 37,slice_077,1,17731
CT_OP 37,slice_077,3,9299
CT_OP 37,slice_078,1,14779
CT_OP 37,slice_078,3,7062
CT_OP 37,slice_079,1,16794
CT_OP 37,slice_079,3,6294
CT_OP 37,slice_080,1,14901
CT_OP 37,slice_080,3,4347
CT_OP 37,slice_081,1,14773
CT_OP 37,slice_081,3,2185
CT_OP 37,slice_082,1,10914
CT_OP 37,slice_082,3,1130
CT_OP 37,slice_083,1,8131
CT_OP 37,slice_083,3,380
CT_OP 37,slice_084,1,5659
CT_OP 37,slice_086,1,2641
CT_OP 37,slice_087,1,2328
CT_OP 37,slice_088,1,2857
CT_OP 37,slice_089,1,2621
CT_OP 37,slice_090,1,3976
CT_OP 37,slice_091,1,3297
CT_OP 37,slice_091,3,227
CT_OP 37,slice_092,1,2916
CT_OP 37,slice_093,1,1895
CT_OP 37,slice_103,1,1120
CT_NSIP 7,slice_024,2,3040
CT_NSIP 7,slice_025,2,3977
CT_NSIP 7,slice_026,2,3682
CT_NSIP 7,slice_027,2,4963
CT_NSIP 7,slice_028,2,6066
CT_NSIP 7,slice_029,2,8379
CT_NSIP 7,slice_030,2,8346
CT_NSIP 7,slice_031,2,6699
CT_NSIP 7,slice_032,2,4285
CT_NSIP 7,slice_033,2,4108
CT_NSIP 7,slice_034,2,3205
CT_NSIP 7,slice_035,2,3128
CT_NSIP 7,slice_036,2,2548
CT_NSIP 7,slice_037,2,3592
CT_NSIP 7,slice_038,2,2405
CT_NSIP 7,slice_039,2,2898
CT_NSIP 7,slice_040,2,3453
CT_NSIP 7,slice_041,2,2555
CT_NSIP 7,slice_042,2,2384
CT_NSIP 7,slice_043,2,2760
CT_NSIP 7,slice_044,2,2180
CT_NSIP 7,slice_045,2,3187
CT_NSIP 7,slice_046,2,2068
CT_NSIP 7,slice_047,2,1874
CT_NSIP 7,slice_048,2,1539
CT_NSIP 7,slice_049,2,1386
CT_NSIP 7,slice_050,2,1871
CT_NSIP 7,slice_051,2,1787
CT_NSIP 17,slice_022,2,4408
CT_NSIP 17,slice_023,2,6413
CT_NSIP 17,slice_024,2,7713
CT_NSIP 17,slice_025,2,8635
CT_NSIP 17,slice_026,2,10428
CT_NSIP 17,slice_027,2,11546
CT_NSIP 17,slice_028,2,11511
CT_NSIP 17,slice_029,2,12834
CT_NSIP 17,slice_030,2,14300
CT_NSIP 17,slice_031,2,12726
CT_NSIP 17,slice_032,2,11971
CT_NSIP 17,slice_033,2,12557
CT_NSIP 17,slice_034,2,11721
CT_NSIP 17,slice_035,2,12636
CT_NSIP 17,slice_036,2,10213
CT_NSIP 17,slice_037,2,4698
CT_NSIP 17,slice_038,2,3754
CT_NSIP 17,slice_039,2,4417
CT_NSIP 17,slice_040,2,2030
CT_NSIP 17,slice_041,2,2471
CT_NSIP 17,slice_042,2,2163
CT_NSIP 17,slice_043,2,3255
CT_NSIP 17,slice_044,2,3392
CT_NSIP 17,slice_045,2,4306
CT_NSIP 17,slice_046,2,2710
CT_NSIP 17,slice_047,2,2498
CT_NSIP 17,slice_048,2,2719
CT_NSIP 17,slice_049,2,3216
CT_NSIP 17,slice_050,2,2456
CT_NSIP 17,slice_051,2,3648
CT_NSIP 17,slice_052,2,2662
CT_NSIP 17,slice_053,2,2303
CT_NSIP 17,slice_054,2,1491
CT_NSIP 17,slice_055,2,2693
CT_NSIP 17,slice_056,2,2836
CT_NSIP 17,slice_057,2,3337
CT_NSIP 17,slice_058,2,3369
CT_NSIP 17,slice_059,2,3699
CT_NSIP 17,slice_060,2,3555
CT_NSIP 17,slice_061,2,3141
CT_NSIP 17,slice_062,2,1668
CT_NSIP 17,slice_063,2,1753
CT_NSIP 17,slice_064,2,2234
CT_NSIP 17,slice_065,2,1637
CT_NSIP 17,slice_066,2,1956
CT_NSIP 17,slice_067,2,1619
CT_NSIP 17,slice_068,2,1919
CT_NSIP 17,slice_069,2,2917
CT_NSIP 17,slice_070,2,3018
CT_NSIP 17,slice_071,2,1347
CT_NSIP 17,slice_072,2,1347
CT_NSIP 17,slice_073,2,1805
CT_NSIP 17,slice_074,2,1208
CT_NSIP 17,slice_075,2,1276
CT_NSIP 17,slice_076,2,181
CT_OP 46,slice_057,3,8642
CT_OP 46,slice_058,1,3102
CT_OP 46,slice_058,3,11902
CT_OP 46,slice_059,3,15995
CT_OP 46,slice_060,3,15238
CT_OP 46,slice_061,3,14301
CT_OP 46,slice_062,1,5354
CT_OP 46,slice_062,3,13163
CT_OP 46,slice_063,1,1501
CT_OP 46,slice_063,3,14252
CT_OP 46,slice_064,3,11712
CT_OP 46,slice_065,1,6199
CT_OP 46,slice_065,3,14129
CT_OP 46,slice_066,1,4168
CT_OP 46,slice_066,3,16175
CT_OP 46,slice_067,1,3208
CT_OP 46,slice_067,3,21620
CT_OP 46,slice_068,3,13596
CT_OP 46,slice_069,3,13809
CT_OP 46,slice_070,3,9402
CT_OP 46,slice_088,3,486
CT_OP 46,slice_089,3,2668
CT_OP 46,slice_090,3,2005
CT_OP 25,slice_056,3,3690
CT_OP 25,slice_057,3,3935
CT_OP 25,slice_058,3,4856
CT_OP 25,slice_059,3,4508
CT_OP 25,slice_064,3,5061
CT_OP 25,slice_068,3,5075
CT_OP 25,slice_069,3,5740
CT_OP 25,slice_073,3,7254
CT_OP 25,slice_074,3,7708
CT_OP 25,slice_075,3,9762
CT_OP 25,slice_077,3,9276
CT_OP 25,slice_078,3,9904
CT_OP 25,slice_079,3,11101
CT_OP 25,slice_082,3,9015
CT_OP 25,slice_083,3,9200
CT_OP 25,slice_084,3,9595
CT_OP 25,slice_085,3,9585
CT_OP 25,slice_095,3,3684
CT_OP 25,slice_096,3,3081
CT_AHP 6,slice_073,1,29265
CT_AHP 6,slice_074,1,27870
CT_AHP 6,slice_075,1,27372
CT_AHP 6,slice_076,1,27793
CT_AHP 6,slice_077,1,27844
CT_AHP 6,slice_078,1,28188
CT_AHP 6,slice_079,1,26870
CT_AHP 6,slice_080,1,27064
CT_AHP 6,slice_081,1,26809
CT_AHP 6,slice_082,1,27222
CT_AHP 6,slice_083,1,26781
CT_AHP 6,slice_084,1,27556
CT_AHP 6,slice_085,1,27881
CT_AHP 6,slice_086,1,26996
CT_AHP 6,slice_087,1,26749
CT_AHP 6,slice_088,1,24930
CT_AHP 6,slice_089,1,27211
CT_AHP 6,slice_090,1,26984
CT_OP 13,slice_058,1,11237
CT_OP 13,slice_058,3,2612
CT_OP 13,slice_059,1,11489
CT_OP 13,slice_059,3,2392
CT_OP 13,slice_084,1,13443
CT_OP 13,slice_111,1,16877
CT_OP 13,slice_112,1,16277
CT_OP 13,slice_117,1,11779
CT_OP 13,slice_117,3,2691
CT_OP 13,slice_118,1,12127
CT_OP 13,slice_118,3,1601
CT_OP 13,slice_119,1,11536
CT_OP 13,slice_119,3,1450
CT_OP 13,slice_120,1,11765
CT_OP 13,slice_120,3,1058
CT_OP 13,slice_124,1,10015
CT_OP 13,slice_125,1,8346
CT_OP 13,slice_126,1,7133
CT_OP 13,slice_127,1,4606
CT_OP 13,slice_130,1,1391
CT_OP 13,slice_131,1,972
CT_UIP 11,slice_046,2,2752
CT_UIP 11,slice_047,2,3036
CT_UIP 11,slice_055,2,7149
CT_UIP 11,slice_057,2,6497
CT_UIP 11,slice_058,2,6854
CT_UIP 11,slice_059,2,6836
CT_UIP 11,slice_060,2,6844
CT_UIP 11,slice_061,2,6221
CT_UIP 11,slice_074,2,7
CT_UIP 11,slice_087,2,8354
CT_UIP 11,slice_088,2,6061
CT_UIP 11,slice_089,2,7851
CT_UIP 11,slice_090,2,9046
CT_UIP 11,slice_091,2,8071
CT_UIP 11,slice_092,2,6942
CT_UIP 11,slice_093,2,6346
CT_UIP 11,slice_094,2,4464
CT_UIP 11,slice_098,2,2
CT_UIP 8,slice_053,4,4794
CT_UIP 8,slice_054,4,4635
CT_UIP 8,slice_056,4,6383
CT_UIP 8,slice_057,4,5802
CT_UIP 8,slice_058,4,6379
CT_UIP 8,slice_059,4,6423
CT_UIP 8,slice_060,4,5953
CT_UIP 8,slice_061,4,4248
CT_UIP 8,slice_062,4,5773
CT_UIP 8,slice_063,4,3765
CT_UIP 8,slice_066,4,3762
CT_UIP 8,slice_070,4,4227
CT_UIP 8,slice_076,4,3294
CT_UIP 8,slice_079,4,2892
CT_UIP 8,slice_081,4,2847
CT_UIP 8,slice_084,2,2640
CT_UIP 8,slice_090,2,2368
CT_UIP 8,slice_091,2,2448
CT_UIP 8,slice_092,2,2245
CT_UIP 4,slice_045,2,2180
CT_UIP 4,slice_046,2,2620
CT_UIP 4,slice_047,2,2248
CT_UIP 4,slice_050,2,3871
CT_UIP 4,slice_052,2,4249
CT_UIP 4,slice_057,2,4887
CT_UIP 4,slice_058,2,4369
CT_UIP 4,slice_059,2,3182
CT_UIP 4,slice_107,4,462
CT_UIP 4,slice_108,4,566
CT_UIP 4,slice_109,4,305
CT_UIP 4,slice_110,4,330
CT_UIP 4,slice_111,4,375
CT_UIP 4,slice_114,4,263
CT_UIP 4,slice_115,4,201
CT_UIP 4,slice_118,4,172
CT_UIP 4,slice_121,4,412
CT_UIP 4,slice_122,4,449
CT_UIP 4,slice_123,4,573
CT_UIP 4,slice_124,4,566
CT_UIP 4,slice_125,4,488
CT_UIP 4,slice_126,4,620
CT_UIP 4,slice_127,4,495
CT_OP 2,slice_066,3,2366
CT_OP 2,slice_067,3,2578
CT_OP 2,slice_068,3,2334
CT_OP 2,slice_069,3,2392
CT_OP 2,slice_070,3,2493
CT_OP 2,slice_071,3,3229
CT_OP 2,slice_072,3,3295
CT_OP 2,slice_073,3,3476
CT_OP 2,slice_074,3,3821
CT_OP 2,slice_075,3,3910
CT_OP 2,slice_076,3,3448
CT_OP 2,slice_077,3,3448
CT_OP 2,slice_078,3,3228
CT_OP 2,slice_103,3,4631
CT_OP 2,slice_104,3,4992
CT_OP 2,slice_105,3,4034
CT_OP 2,slice_106,3,3980
CT_OP 2,slice_107,3,3664
CT_OP 2,slice_108,3,3834
CT_OP 2,slice_109,3,3733
CT_OP 2,slice_110,3,3552
CT_OP 2,slice_111,3,2983
CT_OP 2,slice_112,3,2109
CT_UIP 19,slice_065,4,6993
CT_UIP 19,slice_066,4,6529
CT_UIP 19,slice_067,4,5741
CT_UIP 19,slice_082,4,2843
CT_UIP 19,slice_083,4,2378
CT_UIP 19,slice_084,4,2301
CT_UIP 19,slice_085,4,2125
CT_UIP 19,slice_086,4,1365
CT_UIP 19,slice_087,4,1484
CT_UIP 19,slice_088,4,1948
CT_UIP 19,slice_089,4,1394
CT_UIP 19,slice_090,4,1812
CT_UIP 19,slice_091,4,2244
CT_UIP 19,slice_092,4,2396
CT_UIP 19,slice_093,4,2809
CT_UIP 19,slice_094,4,2947
CT_UIP 19,slice_095,4,2683
CT_UIP 19,slice_096,4,1572
CT_UIP 19,slice_097,4,1337
CT_UIP 19,slice_098,4,1079
CT_UIP 19,slice_099,4,1074
CT_UIP 19,slice_100,4,1067
CT_UIP 19,slice_101,4,890
CT_AHP 2,slice_036,1,34773
CT_AHP 2,slice_037,1,34850
CT_AHP 2,slice_038,1,34999
CT_AHP 2,slice_039,1,19467
CT_AHP 2,slice_040,1,35399
CT_AHP 2,slice_041,1,30524
CT_AHP 2,slice_042,1,27762
CT_AHP 2,slice_043,1,29267
CT_AHP 2,slice_044,1,28874
CT_AHP 2,slice_045,1,24645
CT_AHP 2,slice_046,1,23605
CT_AHP 2,slice_047,1,24460
CT_AHP 2,slice_048,1,22392
CT_AHP 2,slice_049,1,22796
CT_AHP 2,slice_050,1,22302
CT_AHP 2,slice_051,1,22763
CT_AHP 2,slice_052,1,19546
CT_AHP 2,slice_053,1,20975
CT_OP 17,slice_033,1,314
CT_OP 17,slice_034,1,1137
CT_OP 17,slice_035,1,1357
CT_OP 17,slice_036,1,1804
CT_OP 17,slice_055,1,2559
CT_OP 17,slice_055,3,136
CT_OP 17,slice_058,1,2579
CT_OP 17,slice_059,1,2188
CT_OP 17,slice_060,1,1287
CT_OP 17,slice_060,3,446
CT_OP 17,slice_065,1,473
CT_OP 17,slice_066,1,454
CT_OP 17,slice_074,1,435
CT_OP 17,slice_074,3,63
CT_OP 17,slice_076,3,216
CT_OP 17,slice_078,3,124
CT_UIP 15,slice_056,4,12184
CT_UIP 15,slice_057,4,12796
CT_UIP 15,slice_068,4,4367
CT_UIP 15,slice_069,4,3937
CT_UIP 15,slice_070,4,4121
CT_UIP 15,slice_071,4,4606
CT_UIP 15,slice_074,4,2550
CT_UIP 15,slice_075,4,2450
CT_UIP 15,slice_076,4,1962
CT_UIP 15,slice_077,4,1447
CT_UIP 15,slice_078,4,1509
CT_UIP 15,slice_079,4,952
CT_UIP 15,slice_080,4,1822
CT_UIP 15,slice_081,4,1573
CT_UIP 15,slice_082,4,2357
CT_UIP 15,slice_083,4,2177
CT_UIP 15,slice_084,4,1804
CT_UIP 15,slice_085,4,1577
CT_UIP 15,slice_086,4,1673
CT_UIP 15,slice_087,4,1467
CT_UIP 15,slice_088,4,2134
CT_UIP 15,slice_089,4,3315
CT_UIP 15,slice_090,4,2730
CT_UIP 15,slice_113,4,3332
CT_UIP 15,slice_114,4,3240
CT_OP 42,slice_117,1,515
CT_OP 42,slice_117,3,490
CT_OP 42,slice_118,1,1205
CT_OP 42,slice_118,3,624
CT_OP 42,slice_119,1,1755
CT_OP 42,slice_119,3,1474
CT_OP 42,slice_120,1,2785
CT_OP 42,slice_120,3,1013
CT_OP 42,slice_121,1,2586
CT_OP 42,slice_121,3,962
CT_OP 42,slice_122,1,3021
CT_OP 42,slice_122,3,1167
CT_OP 42,slice_123,1,3018
CT_OP 42,slice_123,3,1198
CT_OP 42,slice_124,1,3376
CT_OP 42,slice_124,3,1318
CT_OP 42,slice_125,1,3574
CT_OP 42,slice_125,3,1223
CT_OP 42,slice_126,1,6173
CT_OP 42,slice_126,3,1379
CT_OP 42,slice_127,1,5158
CT_OP 42,slice_127,3,1672
CT_OP 42,slice_128,1,7100
CT_OP 42,slice_128,3,1750
CT_OP 42,slice_129,1,7106
CT_OP 42,slice_129,3,1864
CT_OP 42,slice_130,1,5398
CT_OP 42,slice_130,3,2396
CT_OP 42,slice_131,1,6038
CT_OP 42,slice_131,3,2553
CT_OP 42,slice_132,1,4069
CT_OP 42,slice_132,3,3527
CT_OP 42,slice_133,1,3943
CT_OP 42,slice_133,3,3663
CT_UIP 23,slice_050,4,15354
CT_UIP 23,slice_051,4,17046
CT_UIP 23,slice_052,4,18766
CT_UIP 23,slice_053,4,18844
CT_UIP 23,slice_054,4,15030
CT_UIP 23,slice_055,4,15881
CT_UIP 23,slice_056,4,15903
CT_UIP 23,slice_057,4,12906
CT_UIP 23,slice_058,4,11102
CT_UIP 23,slice_059,4,15005
CT_UIP 23,slice_060,4,13722
CT_UIP 23,slice_061,4,9350
CT_UIP 23,slice_062,4,13392
CT_UIP 23,slice_063,4,17525
CT_UIP 23,slice_064,4,14967
CT_UIP 23,slice_065,4,10994
CT_UIP 23,slice_066,4,4050
CT_UIP 23,slice_067,4,8920
CT_UIP 23,slice_068,4,12860
CT_UIP 23,slice_069,4,11143
CT_UIP 23,slice_070,4,7549
CT_UIP 23,slice_071,4,10455
CT_UIP 23,slice_072,4,13183
CT_UIP 23,slice_073,4,10454
CT_UIP 23,slice_074,4,10445
CT_UIP 23,slice_075,4,7476
CT_UIP 23,slice_076,4,7300
CT_UIP 23,slice_077,4,7811
CT_UIP 23,slice_078,4,5254
CT_UIP 23,slice_079,4,4507
CT_UIP 23,slice_080,4,3002
CT_UIP 23,slice_081,4,2867
CT_UIP 23,slice_082,4,3309
CT_UIP 23,slice_083,4,2947
CT_UIP 23,slice_084,4,2896
CT_UIP 23,slice_085,4,3913
CT_UIP 23,slice_086,4,1119
CT_UIP 23,slice_087,4,978
CT_UIP 23,slice_088,4,714
CT_UIP 23,slice_089,4,683
CT_UIP 23,slice_090,4,879
CT_UIP 23,slice_091,4,2901
CT_UIP 23,slice_092,4,3281
CT_UIP 23,slice_093,4,2735
CT_UIP 23,slice_094,4,2783
CT_UIP 23,slice_095,4,3723
CT_UIP 23,slice_096,4,2251
CT_UIP 23,slice_097,4,695
CT_OP 21,slice_032,3,2542
CT_OP 21,slice_033,3,4083
CT_OP 21,slice_034,3,4688
CT_OP 21,slice_035,3,5200
CT_OP 21,slice_036,3,6291
CT_OP 21,slice_037,3,6724
CT_OP 21,slice_041,3,12079
CT_OP 21,slice_042,3,13411
CT_OP 21,slice_043,3,11541
CT_OP 21,slice_044,3,13267
CT_OP 21,slice_045,3,17014
CT_OP 21,slice_046,3,18976
CT_OP 21,slice_047,3,19672
CT_OP 21,slice_048,3,20719
CT_OP 21,slice_049,3,16388
CT_OP 21,slice_064,3,3368
CT_OP 21,slice_065,3,1560
CT_OP 21,slice_071,1,7578
CT_OP 21,slice_073,3,677
CT_OP 21,slice_082,3,451
CT_OP 50,slice_045,1,1487
CT_OP 50,slice_046,1,3731
CT_OP 50,slice_047,1,3629
CT_OP 50,slice_048,1,4073
CT_OP 50,slice_049,1,4150
CT_OP 50,slice_050,1,4829
CT_OP 50,slice_051,1,4150
CT_OP 50,slice_052,1,3767
CT_OP 50,slice_053,1,3709
CT_OP 50,slice_054,1,3915
CT_OP 50,slice_055,1,2285
CT_NSIP 3,slice_078,2,11261
CT_NSIP 3,slice_079,2,11245
CT_NSIP 3,slice_080,2,11198
CT_NSIP 3,slice_086,2,3275
CT_NSIP 3,slice_087,2,2900
CT_NSIP 3,slice_088,2,2829
CT_NSIP 3,slice_089,2,2991
CT_NSIP 3,slice_090,2,2993
CT_NSIP 3,slice_091,2,2652
CT_NSIP 3,slice_092,2,2626
CT_NSIP 3,slice_093,2,2664
CT_NSIP 3,slice_094,2,2588
CT_NSIP 3,slice_095,2,2818
CT_NSIP 3,slice_096,2,2870
CT_NSIP 3,slice_097,2,2940
CT_NSIP 3,slice_098,2,2748
CT_NSIP 3,slice_099,2,2861
CT_NSIP 3,slice_100,2,2362
CT_NSIP 3,slice_101,2,2272
CT_NSIP 3,slice_102,2,2257
CT_NSIP 3,slice_103,2,2167
CT_NSIP 3,slice_104,2,2112
CT_OP 33,slice_031,3,1026
CT_OP 33,slice_032,3,744
CT_OP 33,slice_068,3,1192
CT_OP 33,slice_069,3,1621
CT_OP 33,slice_070,3,2418
CT_OP 33,slice_071,3,3170
CT_OP 33,slice_072,3,3366
CT_OP 33,slice_085,3,4828
CT_OP 33,slice_086,3,5350
CT_OP 33,slice_087,3,5154
CT_OP 33,slice_088,3,4848
CT_OP 33,slice_089,3,5078
CT_OP 33,slice_100,3,7597
CT_OP 33,slice_101,3,8117
CT_OP 33,slice_102,3,7166
CT_OP 33,slice_103,3,7100
CT_OP 33,slice_104,3,6335
CT_OP 33,slice_105,3,5228
CT_OP 33,slice_106,3,4325
CT_OP 33,slice_107,1,8935
CT_OP 33,slice_107,3,4111
CT_OP 33,slice_108,1,9035
CT_OP 33,slice_108,3,3565
CT_OP 33,slice_109,1,8716
CT_OP 33,slice_109,3,2679
CT_OP 6,slice_041,3,97899
CT_OP 6,slice_042,3,95219
CT_OP 6,slice_043,3,99089
CT_OP 6,slice_044,3,98047
CT_OP 6,slice_047,3,54364
CT_OP 6,slice_048,3,55308
CT_OP 6,slice_049,3,50541
CT_OP 6,slice_050,3,49763
CT_OP 6,slice_066,3,13433
CT_OP 6,slice_069,3,16266
CT_OP 6,slice_070,3,12688
CT_OP 6,slice_071,3,18495
CT_OP 6,slice_072,3,16193
CT_OP 6,slice_073,3,11668
CT_OP 6,slice_074,3,8817
CT_OP 6,slice_075,3,4861
CT_AHP 11,slice_070,1,34388
CT_AHP 11,slice_071,1,34294
CT_AHP 11,slice_072,1,36460
CT_AHP 11,slice_073,1,39624
CT_AHP 11,slice_074,1,38950
CT_AHP 11,slice_075,1,36892
CT_AHP 11,slice_076,1,36318
CT_AHP 11,slice_077,1,37688
CT_AHP 11,slice_078,1,37854
CT_AHP 11,slice_079,1,35975
CT_AHP 11,slice_080,1,35859
CT_AHP 11,slice_081,1,35327
CT_AHP 11,slice_082,1,35442
CT_AHP 11,slice_083,1,35246
CT_AHP 11,slice_084,1,35567
CT_AHP 11,slice_085,1,33127
CT_AHP 11,slice_086,1,33077
CT_AHP 11,slice_087,1,35657
CT_OP 8,slice_030,3,21454
CT_OP 8,slice_031,3,25438
CT_OP 8,slice_032,3,23418
CT_OP 8,slice_033,3,24448
CT_OP 8,slice_034,3,23368
CT_OP 8,slice_035,3,21227
CT_OP 8,slice_036,3,24334
CT_OP 8,slice_040,3,9370
CT_OP 8,slice_041,3,9360
CT_OP 8,slice_042,3,8964
CT_OP 8,slice_055,3,5088
CT_OP 8,slice_056,3,5816
CT_OP 8,slice_057,3,6284
CT_OP 8,slice_058,3,6148
CT_OP 8,slice_059,3,6341
CT_OP 8,slice_066,3,4805
CT_OP 8,slice_067,3,5429
CT_OP 8,slice_072,3,3625
CT_OP 8,slice_073,3,3724
CT_OP 8,slice_074,3,3629
CT_OP 8,slice_084,3,6200
CT_OP 8,slice_085,3,6154
CT_OP 8,slice_086,3,4911
CT_OP 4,slice_038,3,2920
CT_OP 4,slice_039,3,3335
CT_OP 4,slice_051,3,488
CT_OP 4,slice_052,3,353
CT_OP 4,slice_057,3,396
CT_OP 4,slice_058,3,293
CT_OP 4,slice_059,3,256
CT_OP 4,slice_060,3,473
CT_OP 4,slice_061,3,756
CT_OP 4,slice_062,3,970
CT_OP 4,slice_063,3,545
CT_OP 4,slice_064,3,428
CT_OP 4,slice_065,3,363
CT_OP 4,slice_066,3,396
CT_OP 4,slice_067,3,212
CT_OP 4,slice_082,3,93
CT_OP 4,slice_083,3,93
CT_UIP 2,slice_043,2,3158
CT_UIP 2,slice_044,2,3129
CT_UIP 2,slice_045,2,5025
CT_UIP 2,slice_046,2,5363
CT_UIP 2,slice_047,2,5738
CT_UIP 2,slice_048,2,7125
CT_UIP 2,slice_049,2,7899
CT_UIP 2,slice_050,2,7801
CT_UIP 2,slice_051,2,8791
CT_UIP 2,slice_052,2,8886
CT_UIP 2,slice_053,2,7660
CT_UIP 2,slice_054,2,7582
CT_UIP 2,slice_055,2,7207
CT_UIP 2,slice_056,2,7422
CT_UIP 2,slice_060,2,8255
CT_UIP 2,slice_061,2,8004
CT_UIP 2,slice_066,2,5455
CT_UIP 2,slice_081,2,4261
CT_UIP 2,slice_088,2,8847
CT_UIP 2,slice_098,2,5212
CT_UIP 2,slice_119,4,1629
CT_UIP 2,slice_120,4,1498
CT_UIP 2,slice_121,4,1872
CT_UIP 17,slice_046,2,24189
CT_UIP 17,slice_049,2,11849
CT_UIP 17,slice_050,2,11072
CT_UIP 17,slice_062,2,9103
CT_UIP 17,slice_063,2,7498
CT_UIP 17,slice_064,2,6476
CT_UIP 17,slice_065,2,6818
CT_UIP 17,slice_066,2,7150
CT_UIP 17,slice_067,2,7873
CT_UIP 17,slice_068,2,8420
CT_UIP 17,slice_069,2,9212
CT_UIP 17,slice_074,2,1164
CT_UIP 17,slice_075,2,1884
CT_UIP 17,slice_076,2,1817
CT_UIP 17,slice_077,2,2026
CT_UIP 17,slice_082,2,1581
CT_UIP 17,slice_083,2,1573
CT_UIP 17,slice_084,2,475
CT_UIP 17,slice_085,2,294
CT_OP 15,slice_199,3,3366
CT_OP 15,slice_200,3,3693
CT_OP 15,slice_201,3,5433
CT_OP 15,slice_202,3,4155
CT_OP 15,slice_203,3,3761
CT_OP 15,slice_246,3,10525
CT_OP 15,slice_247,3,10155
CT_OP 15,slice_248,1,3423
CT_OP 15,slice_248,3,6815
CT_OP 15,slice_249,1,3069
CT_OP 15,slice_249,3,4846
CT_OP 15,slice_268,1,5653
CT_OP 15,slice_268,3,12392
CT_OP 15,slice_269,1,6143
CT_OP 15,slice_269,3,11870
CT_OP 15,slice_270,1,5586
CT_OP 15,slice_270,3,10971
CT_OP 19,slice_035,3,4791
CT_OP 19,slice_036,3,5484
CT_OP 19,slice_037,3,5852
CT_OP 19,slice_038,3,7097
CT_OP 19,slice_053,3,5738
CT_OP 19,slice_054,3,8334
CT_OP 19,slice_055,3,8247
CT_OP 19,slice_056,3,8388
CT_OP 19,slice_057,3,10050
CT_OP 19,slice_058,3,9454
CT_OP 19,slice_059,3,9172
CT_OP 19,slice_060,3,7637
CT_OP 19,slice_063,3,3926
CT_OP 19,slice_064,3,3271
CT_OP 19,slice_068,3,1781
CT_OP 19,slice_085,3,5432
CT_OP 19,slice_087,3,3725
CT_OP 19,slice_088,3,3640
CT_OP 19,slice_089,3,3228
CT_OP 19,slice_090,3,2704
CT_OP 19,slice_095,3,2081
CT_NSIP 11,slice_058,2,6656
CT_NSIP 11,slice_059,2,8241
CT_NSIP 11,slice_060,2,8057
CT_NSIP 11,slice_063,2,6698
CT_NSIP 11,slice_064,2,5929
CT_NSIP 11,slice_065,2,5842
CT_NSIP 11,slice_066,2,3743
CT_NSIP 11,slice_067,2,5464
CT_NSIP 11,slice_068,2,5282
CT_NSIP 11,slice_069,2,5325
CT_NSIP 11,slice_070,2,5279
CT_NSIP 11,slice_071,2,4077
CT_NSIP 11,slice_072,2,2832
CT_NSIP 11,slice_073,2,2730
CT_NSIP 11,slice_074,2,4090
CT_NSIP 11,slice_075,2,4733
CT_NSIP 11,slice_076,2,3259
CT_NSIP 11,slice_077,2,3191
CT_NSIP 11,slice_078,2,3289
CT_NSIP 11,slice_079,2,3135
CT_NSIP 11,slice_080,2,3555
CT_NSIP 11,slice_081,2,3242
CT_NSIP 11,slice_082,2,3639
CT_NSIP 11,slice_083,2,3155
CT_NSIP 11,slice_084,2,2168
CT_NSIP 11,slice_085,2,2863
CT_NSIP 11,slice_086,2,2417
CT_NSIP 11,slice_087,2,1985
CT_NSIP 11,slice_088,2,1002
CT_NSIP 11,slice_089,2,1077
CT_NSIP 11,slice_090,2,1281
CT_NSIP 11,slice_091,2,1990
CT_NSIP 11,slice_092,2,2604
CT_NSIP 11,slice_094,2,2377
CT_NSIP 11,slice_095,2,1681
CT_NSIP 11,slice_096,2,1681
CT_NSIP 1,slice_083,2,5565
CT_NSIP 1,slice_084,2,5006
CT_NSIP 1,slice_085,2,3995
CT_NSIP 1,slice_086,2,3822
CT_NSIP 1,slice_087,2,3754
CT_NSIP 1,slice_088,2,3519
CT_NSIP 1,slice_089,2,2916
CT_NSIP 1,slice_090,2,3107
CT_NSIP 1,slice_091,2,3199
CT_NSIP 1,slice_092,2,3176
CT_NSIP 1,slice_093,2,3196
CT_NSIP 1,slice_094,2,3583
CT_NSIP 1,slice_095,2,3610
CT_NSIP 1,slice_096,2,3617
CT_NSIP 1,slice_097,2,3536
CT_NSIP 1,slice_098,2,2645
CT_NSIP 1,slice_099,2,2508
CT_NSIP 1,slice_100,2,3223
CT_NSIP 1,slice_101,2,2914
CT_NSIP 1,slice_102,2,3093
CT_NSIP 1,slice_103,2,3157
CT_OP 31,slice_056,3,6437
CT_OP 31,slice_057,3,7195
CT_OP 31,slice_058,3,9374
CT_OP 31,slice_059,3,9688
CT_OP 31,slice_060,3,9535
CT_OP 31,slice_061,3,11334
CT_OP 31,slice_062,3,11646
CT_OP 31,slice_063,3,10586
CT_OP 31,slice_064,3,10811
CT_OP 31,slice_065,3,9471
CT_OP 31,slice_066,3,8446
CT_OP 31,slice_067,3,7735
CT_OP 31,slice_068,3,6659
CT_OP 31,slice_069,3,7079
CT_OP 31,slice_070,3,6962
CT_OP 31,slice_071,3,6614
CT_OP 31,slice_084,3,2955
CT_OP 23,slice_059,3,2551
CT_OP 23,slice_060,3,2576
CT_OP 23,slice_061,3,2641
CT_OP 23,slice_062,3,2868
CT_OP 23,slice_063,3,2852
CT_OP 23,slice_064,3,2495
CT_OP 23,slice_065,3,2716
CT_OP 23,slice_066,3,2180
CT_OP 23,slice_067,3,1860
CT_OP 23,slice_068,3,2291
CT_OP 23,slice_069,3,2086
CT_OP 23,slice_070,3,1956
CT_OP 23,slice_135,3,303
CT_OP 23,slice_136,3,424
CT_OP 23,slice_137,3,382
CT_UIP 21,slice_054,4,2618
CT_UIP 21,slice_055,4,3045
CT_UIP 21,slice_056,4,2989
CT_UIP 21,slice_057,4,3776
CT_UIP 21,slice_058,4,3772
CT_UIP 21,slice_059,4,3785
CT_UIP 21,slice_060,4,3928
CT_UIP 21,slice_061,4,3922
CT_UIP 21,slice_062,4,4799
CT_UIP 21,slice_063,4,4904
CT_UIP 21,slice_064,4,5608
CT_UIP 21,slice_065,4,5404
CT_UIP 21,slice_066,4,4791
CT_UIP 21,slice_067,4,4965
CT_UIP 21,slice_068,4,5593
CT_UIP 21,slice_069,4,9411
CT_UIP 21,slice_070,4,10290
CT_UIP 21,slice_124,2,7356
CT_UIP 21,slice_125,2,6365
CT_UIP 21,slice_126,2,6260
CT_UIP 21,slice_127,2,6402
CT_UIP 21,slice_128,2,7329
CT_UIP 21,slice_129,2,8197
CT_UIP 21,slice_130,2,6100
CT_UIP 21,slice_131,2,6067
CT_UIP 21,slice_132,2,6165
CT_UIP 21,slice_137,4,328
CT_UIP 21,slice_139,4,937
CT_UIP 21,slice_140,4,901
CT_UIP 21,slice_141,4,554
CT_UIP 21,slice_142,4,485
CT_OP 40,slice_072,3,4331
CT_OP 40,slice_073,3,4630
CT_OP 40,slice_074,3,5281
CT_OP 40,slice_075,3,5952
CT_OP 40,slice_076,3,5858
CT_OP 40,slice_077,3,5670
CT_OP 40,slice_078,3,6078
CT_OP 40,slice_079,3,6123
CT_OP 40,slice_080,3,6504
CT_OP 40,slice_081,3,6292
CT_OP 40,slice_094,3,6516
CT_OP 40,slice_095,3,6738
CT_OP 40,slice_096,3,7325
CT_OP 40,slice_097,3,7539
CT_OP 40,slice_098,3,7994
CT_OP 40,slice_099,3,7712
CT_OP 40,slice_100,3,6715
CT_OP 40,slice_101,3,5239
CT_OP 40,slice_102,3,4198
CT_OP 40,slice_103,3,3220
